{
  "version": "2024.1",
  "applications": [],
  "platforms": [
    {
      "name": "pf_kr260_amp_uart_mb_0"
    }
  ],
  "systems": [
    {
      "name": "app_echo_uart_mb_0_system",
      "platform": "/home/kerngt/work/zynqmp/xli_v2024_1_wk/kr260_amp_uart_release/software_wk/kr260_amp_uart.vitisclassic/pf_kr260_amp_uart_mb_0/export/pf_kr260_amp_uart_mb_0/pf_kr260_amp_uart_mb_0.xpfm",
      "sysConfig": "pf_kr260_amp_uart_mb_0",
      "buildConfig": "Release",
      "applications": [
        {
          "name": "app_echo_uart_mb_0",
          "platform": "/home/kerngt/work/zynqmp/xli_v2024_1_wk/kr260_amp_uart_release/software_wk/kr260_amp_uart.vitisclassic/pf_kr260_amp_uart_mb_0/export/pf_kr260_amp_uart_mb_0/pf_kr260_amp_uart_mb_0.xpfm",
          "platformPath": "/home/kerngt/work/zynqmp/xli_v2024_1_wk/kr260_amp_uart_release/software_wk/kr260_amp_uart.vitisclassic/pf_kr260_amp_uart_mb_0/export/pf_kr260_amp_uart_mb_0",
          "sysConfig": "pf_kr260_amp_uart_mb_0",
          "domain": "freertos10_xilinx_domain",
          "system": "app_echo_uart_mb_0_system"
        }
      ],
      "platformPath": "/home/kerngt/work/zynqmp/xli_v2024_1_wk/kr260_amp_uart_release/software_wk/kr260_amp_uart.vitisclassic/pf_kr260_amp_uart_mb_0/export/pf_kr260_amp_uart_mb_0"
    }
  ],
  "others": []
}