{
  "version": "0.2.0",
  "configurations": [
    {
      "type": "tcf-debug",
      "request": "launch",
      "name": "app_echo_uart_r5_1_app_hw_1",
      "debugType": "baremetal-zu",
      "attachToRunningTargetOptions": {
        "targetSetupMode": "standalone",
        "executeScript": true,
        "scriptPath": ""
      },
      "autoAttachProcessChildren": false,
      "target": {
        "targetConnectionId": "Local",
        "peersIniPath": "../../../.wsdata/.peers.ini",
        "context": "ZUPlus"
      },
      "targetSetup": {
        "resetSystem": true,
        "programDevice": true,
        "enableRPUSplitMode": true,
        "resetAPU": false,
        "resetRPU": false,
        "bitstreamFile": "${workspaceFolder}/app_echo_uart_r5_1/_ide/bitstream/design_1_wrapper.bit",
        "zuInitialization": {
          "isFsbl": true,
          "usingFSBL": {
            "initWithFSBL": true,
            "fsblFile": "${workspaceFolder}/pf_amp_uart_r5_1/export/pf_amp_uart_r5_1/sw/boot/fsbl.elf",
            "fsblExitSymbol": "XFsbl_Exit"
          },
          "usingPsuInit": {
            "runPsuInit": true,
            "plPowerup": false,
            "psuInitTclFile": "${workspaceFolder}/app_echo_uart_r5_1/_ide/psinit/psu_init.tcl"
          }
        },
        "downloadElf": [
          {
            "core": "psu_cortexr5_1",
            "resetProcessor": true,
            "elfFile": "${workspaceFolder}/app_echo_uart_r5_1/build/app_echo_uart_r5_1.elf",
            "stopAtEntry": false
          }
        ],
        "crossTriggerBreakpoints": {
          "isSelected": false,
          "breakpoints": []
        }
      },
      "internalConsoleOptions": "openOnSessionStart"
    }
  ]
}